id;email;address;ville;country_code;avatar_url;genre
1;Pulcherie.Jean80@yahoo.fr;parce que;énergique près;ID;de sorte que;FEMALE
2;Coraline8@gmail.com;tousser adversaire;responsable;PW;membre titulaire;FEMALE
3;Artheme51@gmail.com;sous couleur de équipe gai;conseil d’administration;MF;croâ sauvage sauf à;FEMALE
4;Abelin_Noel@hotmail.fr;foule;à peu près tic-tac chut;DK;couler;FEMALE
5;Hortense28@gmail.com;dès que;bien;MA;à l'insu de au-dessus de pendant que;MALE
6;Odette_Dupuy@hotmail.fr;terriblement allumer debout;de sorte que a ranimer;EG;concurrence soucier;MALE
7;Rachid.Lemaire@yahoo.fr;passablement;circulaire sous;IT;ignorer commis;FEMALE
8;Fulgence95@gmail.com;d’autant que spécialiste;réduire;MY;au cas où;FEMALE
9;Rejeanne.Martinez40@hotmail.fr;tout vouh à force de;bzzz;NP;camper personnel professionnel;MALE
10;Alois33@yahoo.fr;gagner gestionnaire;chut assister sitôt que;RE;promouvoir mince psitt;MALE
